日期,时间,气温℃,湿度%,气压hPa,降水量mm/h,地面风速m/s,风向°
2015/1/1,0:00:00,13.44155862,58.7211218,1016.147562,0,2.465196269,34.64874877
2015/1/1,1:00:00,13.66875246,54.38869159,1016.010596,0,2.816498038,31.68666039
2015/1/1,2:00:00,13.34141397,53.8356299,1016.267407,0,3.32893858,29.93314982
2015/1/1,3:00:00,12.77043997,55.99438093,1016.361571,0,3.876876854,29.7457458
2015/1/1,4:00:00,12.62993851,56.82016174,1016.738228,0,4.26782773,29.77853031
2015/1/1,5:00:00,12.27420078,57.03651376,1017.568584,0,4.285223456,29.40182277
2015/1/1,6:00:00,11.94835698,58.13110542,1018.082206,0,4.450307442,32.25105588
2015/1/1,7:00:00,12.67309672,56.51749466,1019.06372,0,4.900887489,34.27985114
2015/1/1,8:00:00,13.41218912,51.03062643,1019.912507,0,5.441672829,35.9129678
2015/1/1,9:00:00,16.27617215,41.54347384,1019.937472,0,5.560569648,37.33857643
2015/1/1,10:00:00,17.04653384,40.73643234,1019.396578,0,5.314120469,37.2789893
2015/1/1,11:00:00,17.82826619,38.83740591,1018.572754,0,4.941494721,36.10809631
2015/1/1,12:00:00,19.03924065,35.34158429,1017.299573,0,4.449325222,35.86057579
2015/1/1,13:00:00,19.2126431,34.95108329,1016.692107,0,3.975271087,33.50449391
2015/1/1,14:00:00,19.40168019,36.01948267,1016.159534,0,3.705015607,32.11145897
2015/1/1,15:00:00,19.01223535,38.60637786,1016.334285,0,3.452964901,35.8481971
2015/1/1,16:00:00,18.3200469,42.78289039,1016.775321,0,2.548458357,44.5774567
2015/1/1,17:00:00,16.10845503,51.68031565,1017.108179,0,2.102073496,47.93605143
2015/1/1,18:00:00,15.43900788,58.09350485,1018.056824,0,2.196904347,58.63421325
2015/1/1,19:00:00,15.05240571,62.53421405,1018.373039,0,2.261355516,63.71710841
2015/1/1,20:00:00,14.82072867,66.39427564,1018.672612,0,2.461924944,67.3370667
2015/1/1,21:00:00,13.85706589,73.91400921,1018.772469,0,2.71274263,67.21372785
2015/1/1,22:00:00,13.73767404,77.51151167,1018.797433,0,2.890538641,63.94567994
2015/1/1,23:00:00,13.6140182,77.92003465,1018.697576,0,3.036913052,64.30820157
2015/1/2,0:00:00,13.17624808,81.21766392,1018.764147,0,3.125230797,61.1247568
2015/1/2,1:00:00,13.07106955,79.14463606,1018.422968,0,3.219939394,57.1286727
2015/1/2,2:00:00,12.63187811,76.12063349,1018.422968,0,3.359559554,51.49613159
2015/1/2,3:00:00,11.87999373,72.56702859,1018.43129,0,3.59001665,47.03168244
2015/1/2,4:00:00,11.62131139,68.19068101,1018.181646,0,3.614402127,47.21762957
2015/1/2,5:00:00,11.67816465,63.70014711,1018.614361,0,3.448481234,39.31015117
2015/1/2,6:00:00,11.5047622,59.67594793,1018.930576,0,3.481721398,41.10552091
2015/1/2,7:00:00,11.83593245,56.2687942,1019.471471,0,3.787901876,42.89999946
2015/1/2,8:00:00,12.55370487,46.58432569,1019.729435,0,3.906220483,48.46293709
2015/1/2,9:00:00,15.28408275,41.64814951,1019.8709,0,3.82242969,55.60648809
2015/1/2,10:00:00,15.89241264,41.70159606,1019.546364,0,3.615991974,62.70456168
2015/1/2,11:00:00,16.2918068,41.95167379,1018.531147,0,3.194541568,67.67616021
2015/1/2,12:00:00,17.80268222,38.82414655,1017.216358,0,2.798202841,70.43310495
2015/1/2,13:00:00,18.1622791,38.26057061,1016.334285,0,2.462071805,72.84510674
2015/1/2,14:00:00,18.04715124,39.25902962,1015.801712,0,2.187226125,78.0064695
2015/1/2,15:00:00,17.6349651,44.93063619,1016.084641,0,2.159745957,84.04456975
2015/1/2,16:00:00,17.03374186,46.49267694,1016.234427,0,2.130496699,95.35775994
2015/1/2,17:00:00,14.43696915,61.79695282,1016.70875,0,1.843150652,135.7944163
2015/1/2,18:00:00,14.06742295,67.73227049,1017.074894,0,2.17901043,127.3262495
2015/1/2,19:00:00,13.81158328,72.22417885,1017.324537,0,2.553060461,118.6428656
2015/1/2,20:00:00,13.73198871,73.51475362,1018.048503,0,2.770104497,110.0525555
2015/1/2,21:00:00,13.03695759,77.56530464,1018.165003,0,2.882369003,102.9751132
2015/1/2,22:00:00,13.29990393,78.6707679,1018.073467,0,3.108038199,100.2521117
2015/1/2,23:00:00,13.24873599,78.07132979,1017.674038,0,3.21798586,95.79711535
2015/1/3,0:00:00,12.8479205,80.84870241,1017.699002,0,3.110465737,90.91927005
2015/1/3,1:00:00,12.86781914,80.65329975,1017.57418,0,3.117080112,88.91537014
2015/1/3,2:00:00,12.57502485,81.0069161,1017.416073,0,3.122181722,89.23274849
2015/1/3,3:00:00,12.10172145,82.38204377,1017.049929,0,3.28425131,87.99025417
2015/1/3,4:00:00,12.10598544,82.13607124,1016.991679,0,3.504722882,88.75417554
2015/1/3,5:00:00,11.99512158,81.20464031,1017.066572,0,3.457225899,82.61812659
2015/1/3,6:00:00,11.90557769,80.56025043,1017.241323,0,3.650236875,86.31819362
2015/1/3,7:00:00,12.3746171,76.62840615,1017.981931,0,3.91177023,86.43007712
2015/1/3,8:00:00,12.80812322,70.79573714,1018.03186,0,4.321655996,86.38839828
2015/1/3,9:00:00,16.06439376,55.26537096,1017.91536,0,4.36153534,84.74480145
2015/1/3,10:00:00,16.7153636,52.09106911,1017.166429,0,4.017907023,81.32769984
2015/1/3,11:00:00,16.86033941,51.0563286,1015.826676,0,3.442415287,82.29747141
2015/1/3,12:00:00,18.75923834,43.18088803,1014.836424,0,2.940923845,88.60465685
2015/1/3,13:00:00,18.79192897,44.73429933,1013.946029,0,2.622256273,97.09505491
2015/1/3,14:00:00,18.53893195,46.69481104,1013.247027,0,2.72823285,106.7164961
2015/1/3,15:00:00,18.32857489,49.9234395,1012.855919,0,2.952771885,111.3214712
2015/1/3,16:00:00,18.12106048,59.62058722,1013.055634,0,2.942833113,113.6442583
2015/1/3,17:00:00,15.58114104,66.06376896,1012.955777,0,2.366393853,123.5737364
2015/1/3,18:00:00,14.99555244,71.49238853,1012.697812,0,2.883212699,123.8116862
2015/1/3,19:00:00,14.83209932,75.74486369,1013.014027,0,3.062745796,118.0794366
2015/1/3,20:00:00,15.04956304,78.13343516,1012.989063,0,3.166658174,111.169287
2015/1/3,21:00:00,14.34600393,84.54643977,1013.038991,0,3.25672195,103.7147128
2015/1/3,22:00:00,14.52509171,85.85650559,1012.706133,0,3.279973202,98.55321956
2015/1/3,23:00:00,14.40001453,87.44211549,1012.39824,0,3.319478598,93.75296911
2015/1/4,0:00:00,13.94376711,91.20501076,1012.281739,0,3.424091533,88.6864586
2015/1/4,1:00:00,13.87412187,92.27070031,1011.757488,0,3.535018412,83.08101813
2015/1/4,2:00:00,13.59127689,92.70946422,1011.599381,0,3.625235588,80.54522191
2015/1/4,3:00:00,13.33970121,93.47217938,1010.966951,0,3.694754928,80.77874075
2015/1/4,4:00:00,13.16629876,92.90279566,1010.892058,0,3.671715048,83.64588389
2015/1/4,5:00:00,13.62823151,91.00658225,1010.775557,0,3.240613748,68.77327801
2015/1/4,6:00:00,13.88691385,89.2686535,1010.875415,0,3.530820883,72.96148928
2015/1/4,7:00:00,14.21950543,86.324483,1011.516166,0,3.631985949,73.92103646
2015/1/4,8:00:00,14.97281114,83.98455662,1011.740845,0,3.433881421,74.24205272
2015/1/4,9:00:00,17.69466102,69.80251219,1012.065382,0,3.274119802,80.41682089
2015/1/4,10:00:00,18.65548114,69.29333494,1011.699238,0,2.978567514,92.06298057
2015/1/4,11:00:00,18.90705682,68.62721925,1010.775557,0,2.810075687,104.3259757
2015/1/4,12:00:00,20.36250031,64.62803014,1009.785305,0,2.644246932,114.0369101
2015/1/4,13:00:00,20.49042015,65.33986422,1009.061339,0,2.795848085,120.5199417
2015/1/4,14:00:00,20.16635656,66.8243177,1008.187587,0,3.057238735,123.8253041
2015/1/4,15:00:00,19.66746919,73.37329906,1008.254159,0,3.367669,123.550152
2015/1/4,16:00:00,18.92979812,75.66399233,1008.337373,0,3.323064129,119.821446
2015/1/4,17:00:00,17.75862094,80.87458385,1008.428909,0.001118832,2.407042321,116.7644059
2015/1/4,18:00:00,17.29526686,83.38801407,1008.528766,0.001118832,2.583980307,112.1415736
2015/1/4,19:00:00,17.2426776,84.04168502,1008.595338,0,2.744590706,108.7491639
2015/1/4,20:00:00,17.50704526,83.99854062,1008.545409,0.001118832,2.855293039,103.8573166
2015/1/4,21:00:00,17.4729333,86.98243382,1008.620302,0.001118832,2.9464752,101.9123061
2015/1/4,22:00:00,17.5809545,87.98123157,1008.478838,0.001118832,2.983503605,99.54443755
2015/1/4,23:00:00,17.8467435,87.63241495,1008.08773,0.001118832,3.04736551,97.57744879
2015/1/5,0:00:00,17.90359676,88.36290803,1007.713265,0.001118832,3.099505912,96.78720644
2015/1/5,1:00:00,17.82826619,88.32007833,1007.580121,0,3.135872429,99.01303267
2015/1/5,2:00:00,18.0585219,87.30421834,1007.388728,0.004475326,3.228821565,99.86468985
2015/1/5,3:00:00,17.96613535,85.90149056,1006.839512,0.007831821,3.29095495,98.56483056
2015/1/5,4:00:00,18.0315166,85.01054402,1007.222299,0.007831821,3.446079111,97.61854136
2015/1/5,5:00:00,18.0002473,85.36751386,1007.180692,0.013425979,3.191956145,93.67628112
2015/1/5,6:00:00,18.07842054,85.47133508,1007.8048,0.029089621,3.36566513,88.93693186
2015/1/5,7:00:00,18.21344703,85.89275955,1008.520445,0.01454481,3.647247451,88.46059712
2015/1/5,8:00:00,18.53324663,85.72967861,1008.869946,0.008950653,3.845904828,92.65722272
2015/1/5,9:00:00,19.87356226,80.82556008,1009.028053,0.006712989,4.050097277,97.99744238
2015/1/5,10:00:00,20.41508957,80.38877683,1008.570374,0.005594158,4.05276072,103.1043951
2015/1/5,11:00:00,20.45204419,79.34898535,1007.704943,0.003356495,4.133146969,115.1024386
2015/1/5,12:00:00,21.52657083,76.50747593,1006.964334,0.003356495,3.991209632,123.8546961
2015/1/5,13:00:00,21.40860032,78.32251486,1006.032332,0.003356495,3.743098829,126.3334686
2015/1/5,14:00:00,21.17123795,78.5990565,1006.157154,0.001118832,3.643966625,125.1394986
2015/1/5,15:00:00,20.78889977,80.68845341,1005.874225,0.007831821,3.474957357,118.2670641
2015/1/5,16:00:00,20.54158808,81.26273317,1006.448404,0.003356495,3.228224429,112.3216603
2015/1/5,17:00:00,19.39457354,84.09405946,1006.681405,0.003356495,2.405015179,114.0967841
2015/1/5,18:00:00,18.9738594,85.26981372,1007.17237,0.005594158,2.678760458,107.342555
2015/1/5,19:00:00,18.94401144,86.2924179,1007.17237,0.002237663,2.824805498,108.5162767
2015/1/5,20:00:00,18.58725723,87.31827532,1007.397049,0.001118832,2.962451266,110.2289584
2015/1/5,21:00:00,18.37974282,89.37154054,1007.754872,0.002237663,2.901745151,112.2278419
2015/1/5,22:00:00,18.47070804,89.66544613,1007.821443,0.005594158,2.664244032,112.9319789
2015/1/5,23:00:00,18.59009989,89.33469019,1007.754872,0.006712989,2.419259208,110.2531751
2015/1/6,0:00:00,18.6583238,89.86629443,1007.763193,0.006712989,2.163613158,104.6562572
2015/1/6,1:00:00,18.6355825,89.08843156,1007.962908,0.012307147,1.844395666,100.6933513
2015/1/6,2:00:00,18.79050763,88.94598687,1008.02948,0.010069484,1.734497517,93.84773155
2015/1/6,3:00:00,18.72086239,89.36579131,1007.904658,0.013425979,1.805890631,92.7846443
2015/1/6,4:00:00,18.6583238,89.06353266,1007.596764,0.008950653,1.946100116,98.58910553
2015/1/6,5:00:00,18.33710288,90.71512331,1008.079408,0.005594158,1.427539279,104.3453793
2015/1/6,6:00:00,18.30867624,90.4380278,1008.645267,0.010069484,1.589968339,99.27474005
2015/1/6,7:00:00,18.69385709,88.99087893,1009.036375,0.005594158,1.56835991,99.3187856
2015/1/6,8:00:00,19.28655234,86.6291325,1009.028053,0.006712989,1.303059242,99.80305363
2015/1/6,9:00:00,21.27215249,77.03109691,1009.269375,0.003356495,0.981825005,108.6958841
2015/1/6,10:00:00,22.51155358,72.90168464,1008.803374,0.002237663,0.432684191,124.2702037
2015/1/6,11:00:00,22.34241513,73.2951545,1008.112694,0.007831821,0.409413247,242.5677898
2015/1/6,12:00:00,23.86608253,65.53588327,1007.605086,0.006712989,0.897963132,255.1666465
2015/1/6,13:00:00,24.02385033,64.75729734,1006.431762,0.003356495,1.072826129,241.0817946
2015/1/6,14:00:00,23.91582914,64.40421925,1006.323583,0.005594158,1.203753922,226.2941867
2015/1/6,15:00:00,23.33024055,67.320475,1006.448404,0.002237663,1.383541815,216.5493911
2015/1/6,16:00:00,22.79297723,69.63843804,1006.639798,0,1.291253616,205.981427
2015/1/6,17:00:00,20.91681961,79.55156823,1007.189013,0,2.054706389,215.863455
2015/1/6,18:00:00,20.79884909,81.42703061,1007.871372,0,1.810446988,198.8533565
2015/1/6,19:00:00,21.06463808,80.55613576,1007.921301,0,1.519377961,170.8597943
2015/1/6,20:00:00,20.56717205,83.33165943,1008.187587,0,1.400022633,148.1646983
2015/1/6,21:00:00,19.31497897,90.57981664,1008.495481,0,0.990025267,126.3219299
2015/1/6,22:00:00,18.96675274,93.46254275,1008.537088,0,0.426255242,2.502991027
2015/1/6,23:00:00,18.82746225,95.59631514,1008.844981,0,0.749467711,353.4293555
2015/1/7,0:00:00,18.3697935,95.95082754,1008.811696,0.004475326,1.18339089,350.9652718
2015/1/7,1:00:00,18.47212937,95.06227359,1009.111268,0.001118832,1.642296409,351.951185
2015/1/7,2:00:00,18.76065967,91.82811489,1009.327625,0.01454481,2.444222254,356.2212709
2015/1/7,3:00:00,17.7387223,84.20391955,1009.560626,0.003356495,3.175490153,5.450250651
2015/1/7,4:00:00,17.21993629,77.95712242,1009.993341,0,4.233849511,15.98116503
2015/1/7,5:00:00,17.51415192,83.32482812,1011.274844,0.001118832,4.688690112,15.79826135
2015/1/7,6:00:00,16.94704064,75.46463029,1012.165239,0.008950653,5.384469517,24.69115063
2015/1/7,7:00:00,16.75231822,70.07301516,1012.822634,0.0212578,5.658342743,32.55046273
2015/1/7,8:00:00,16.52206251,65.79470477,1013.621493,0.010069484,5.648005,35.48990481
2015/1/7,9:00:00,17.03232053,60.79699332,1014.203994,0.003356495,5.469534039,34.72232435
2015/1/7,10:00:00,17.61364513,58.48758001,1014.203994,0.002237663,5.240178645,29.4222957
2015/1/7,11:00:00,17.89933276,58.35551002,1013.854493,0.002237663,5.071958876,23.43072046
2015/1/7,12:00:00,18.12816714,56.11760232,1013.163813,0.001118832,5.050899105,17.52291221
2015/1/7,13:00:00,18.27030029,55.75389937,1012.864241,0,5.165233378,12.34522871
2015/1/7,14:00:00,18.29872692,56.42279169,1013.188777,0,5.401759977,10.54024757
2015/1/7,15:00:00,17.47435464,58.49983172,1013.446742,0,5.490099786,12.16654606
2015/1/7,16:00:00,16.70541428,60.60532076,1014.362101,0,5.522348575,13.88182439
2015/1/7,17:00:00,16.33160408,60.66239078,1015.10271,0,4.82417759,16.56635074
2015/1/7,18:00:00,15.64936495,60.97036788,1015.718498,0,5.015832932,18.73626305
2015/1/7,19:00:00,15.15189891,61.64456288,1016.13457,0,5.089649838,21.40562161
2015/1/7,20:00:00,14.73118478,61.75315083,1016.683785,0,5.222094391,23.65632718
2015/1/7,21:00:00,14.30762798,61.42892258,1017.357823,0,5.090381168,24.44036315
2015/1/7,22:00:00,14.01909768,61.20978339,1017.449359,0,4.973852607,23.38012926
2015/1/7,23:00:00,13.74904469,61.47243476,1017.765574,0,4.904420575,22.88262843
2015/1/8,0:00:00,13.28142662,61.63472951,1017.981931,0,4.793727258,21.83962075
2015/1/8,1:00:00,13.10518151,61.47002252,1017.981931,0,5.017611566,22.05950376
2015/1/8,2:00:00,12.85360583,61.23051051,1017.998574,0,5.122027816,22.37877976
2015/1/8,3:00:00,12.29928653,61.93458803,1018.189968,0,5.249217979,23.55232273
2015/1/8,4:00:00,12.15999604,61.35109637,1018.14836,0,5.302882352,26.28406591
2015/1/8,5:00:00,11.93258299,60.26063539,1018.522825,0,5.236308553,30.47906022
2015/1/8,6:00:00,11.80892715,59.49887749,1019.030434,0,5.093028122,33.87686556
2015/1/8,7:00:00,11.96100962,59.34163751,1019.687828,0,5.318553856,34.06098477
2015/1/8,8:00:00,12.37319577,59.4180454,1020.203758,0,5.491162522,30.75128665
2015/1/8,9:00:00,14.44407581,51.71866231,1020.461723,0,5.574701422,28.42761717
2015/1/8,10:00:00,15.03534973,51.53111154,1020.037329,0,5.405880456,29.51860582
2015/1/8,11:00:00,15.83129539,51.68979854,1019.022112,0,4.904405132,32.01495871
2015/1/8,12:00:00,17.44734934,48.61951016,1017.956967,0,4.285037532,32.78433721
2015/1/8,13:00:00,17.86664214,48.23869131,1017.241323,0,3.782047313,30.81087012
2015/1/8,14:00:00,18.13385247,47.50675122,1017.108179,0,3.585817078,30.55912166
2015/1/8,15:00:00,18.3157829,46.54386792,1017.074894,0,3.519742413,34.13033908
2015/1/8,16:00:00,17.90643942,47.22728296,1017.299573,0,3.269354902,38.44924175
2015/1/8,17:00:00,15.93647392,54.31128788,1017.524252,0,2.015570001,36.65658262
2015/1/8,18:00:00,15.52428777,57.43759972,1017.932003,0,1.95306742,38.27444877
2015/1/8,19:00:00,14.91311522,60.48608467,1018.198289,0,1.995287376,42.43952323
2015/1/8,20:00:00,14.66153953,62.90020613,1018.614361,0,2.028926747,43.51540967
2015/1/8,21:00:00,13.86701521,67.75815021,1018.739183,0,2.09249684,44.42927517
2015/1/8,22:00:00,13.67229279,71.01255754,1018.78079,0,2.138216999,44.31859398
2015/1/8,23:00:00,13.55005828,73.31909408,1018.805755,0,2.200519874,43.75535951
2015/1/9,0:00:00,13.08812553,76.80233491,1018.647647,0,2.394863828,41.79450777
2015/1/9,1:00:00,13.03127227,74.93910337,1018.689254,0,2.682498413,38.57064946
2015/1/9,2:00:00,12.72000066,72.24256955,1018.589397,0,2.900227095,35.73894657
2015/1/9,3:00:00,12.49116629,68.53638945,1018.514504,0,3.224268967,34.47914922
2015/1/9,4:00:00,12.18273734,65.66124303,1018.447932,0,3.425679086,36.06721034
2015/1/9,5:00:00,11.88283639,62.75417049,1018.339754,0,3.618062526,39.97754664
2015/1/9,6:00:00,11.68527131,59.69574645,1018.689254,0,3.816311319,43.43219114
2015/1/9,7:00:00,12.07755881,58.5338445,1019.255113,0,3.911486942,42.55278641
2015/1/9,8:00:00,12.86071248,55.77281287,1019.995722,0,4.064832269,41.50376944
2015/1/9,9:00:00,14.94296318,49.59199143,1019.8709,0,3.917850713,45.73288528
2015/1/9,10:00:00,15.32388003,49.11446637,1019.35497,0,3.79488599,55.5525238
2015/1/9,11:00:00,15.95779389,48.02031398,1018.214932,0,3.579444648,63.16574848
2015/1/9,12:00:00,17.05648317,44.60438086,1017.158108,0,3.290666889,65.97929617
2015/1/9,13:00:00,17.12612841,45.70356463,1016.450785,0,2.948194549,68.33395761
2015/1/9,14:00:00,17.02947787,46.66208469,1016.300999,0,2.673948748,74.2159086
2015/1/9,15:00:00,16.92429933,49.55121171,1016.459106,0,2.388694966,79.87029901
2015/1/9,16:00:00,16.60165708,51.17003994,1017.033286,0,2.15853841,86.51460359
2015/1/9,17:00:00,15.30113872,57.80316172,1017.590823,0,0.755181345,104.5533176
2015/1/9,18:00:00,14.91453655,62.28704859,1018.14836,0,0.935117356,113.443979
2015/1/9,19:00:00,14.62174225,68.17925279,1018.256539,0,0.803608476,131.5043755
2015/1/9,20:00:00,14.30052133,71.67797268,1018.564433,0,0.854377292,126.6170646
2015/1/9,21:00:00,13.69929809,76.6574492,1018.755826,0,1.071983748,113.5442485
2015/1/9,22:00:00,13.59411955,78.04277911,1018.20661,0,1.376519526,104.8891451
2015/1/9,23:00:00,13.23310135,79.07333629,1018.098432,0,1.60182809,97.38209686
2015/1/10,0:00:00,12.70152335,82.544113,1017.216358,0,1.88547759,87.30024638
2015/1/10,1:00:00,12.60203015,83.82879707,1016.925107,0,1.995534465,69.78581315
2015/1/10,2:00:00,12.48548096,84.33921964,1017.049929,0,2.150145769,48.18630926
2015/1/10,3:00:00,12.81380854,80.39063432,1016.925107,0,2.35069543,45.0579707
2015/1/10,4:00:00,13.13360814,75.85451371,1016.908465,0,2.775844038,48.87756331
2015/1/10,5:00:00,12.48548096,74.73127369,1017.166429,0,2.637625403,44.3429221
2015/1/10,6:00:00,12.43431302,68.88446233,1017.649073,0,3.059045231,42.6553141
2015/1/10,7:00:00,13.12508015,63.55481901,1018.023539,0,3.698446454,40.76532731
2015/1/10,8:00:00,14.20244945,56.45951196,1018.66429,0,4.362378624,46.06125293
2015/1/10,9:00:00,16.4808439,46.66496405,1018.714219,0,4.68334694,51.79849202
2015/1/10,10:00:00,17.52836523,42.96719353,1018.298146,0,4.455231507,50.184628
2015/1/10,11:00:00,18.36695084,40.69492319,1017.22468,0,4.285894915,49.91308208
2015/1/10,12:00:00,19.45853345,38.27745755,1015.934855,0,3.765394999,55.13791504
2015/1/10,13:00:00,19.71437313,38.07238792,1014.961246,0,3.445752224,64.04583663
2015/1/10,14:00:00,19.85224229,40.18031562,1014.902996,0,3.29190879,71.38813831
2015/1/10,15:00:00,18.88289418,45.89641276,1015.069425,0,3.117608515,78.5153106
2015/1/10,16:00:00,18.08410586,49.69387312,1015.818355,0,3.057049686,88.70065369
2015/1/10,17:00:00,16.76653153,59.90347736,1015.460533,0,2.481727002,100.285367
2015/1/10,18:00:00,16.16815096,63.84965039,1016.209463,0,2.639820086,92.82598398
2015/1/10,19:00:00,15.56124239,67.8403829,1016.026391,0,2.38456257,101.9172541
2015/1/10,20:00:00,15.23860014,71.56894776,1016.184499,0,2.587593363,91.10504712
2015/1/10,21:00:00,14.51372106,77.6970908,1016.317642,0,2.087519089,74.04754716
2015/1/10,22:00:00,14.31189198,79.34532545,1016.417499,0,1.61180779,38.68728952
2015/1/10,23:00:00,14.20671344,80.04250668,1016.159534,0,1.850873834,15.93693714
2015/1/11,0:00:00,13.67797811,81.79686883,1016.317642,0,2.220928672,11.49450499
2015/1/11,1:00:00,14.03757499,77.6777353,1016.201141,0,2.409818102,15.41533604
2015/1/11,2:00:00,14.029047,73.06607151,1016.159534,0,2.473588158,15.57690659
2015/1/11,3:00:00,13.69503409,69.77688455,1015.901569,0,2.698012379,15.71913543
2015/1/11,4:00:00,13.79594863,64.78084825,1015.943177,0,2.891361191,20.30151039
2015/1/11,5:00:00,13.31838124,67.12541775,1016.051355,0,2.897608543,24.42030909
2015/1/11,6:00:00,13.240208,65.5179221,1016.608892,0,3.13365836,33.49846127
2015/1/11,7:00:00,13.22883735,65.17471973,1017.083215,0,3.01765344,45.21063962
2015/1/11,8:00:00,13.35391453,64.61422352,1017.882074,0,3.058522691,43.74284626
2015/1/11,9:00:00,14.45544646,59.76541981,1017.665716,0,3.927099665,37.03766453
2015/1/11,10:00:00,15.20022419,57.16983728,1016.991679,0,4.233787809,39.04058115
2015/1/11,11:00:00,15.56977038,55.96786007,1015.660247,0,4.422416054,46.76538664
2015/1/11,12:00:00,16.5263265,51.89386413,1014.270566,0,4.349273706,41.17956214
2015/1/11,13:00:00,17.10480844,50.41963414,1013.621493,0,4.090020891,36.99614002
2015/1/11,14:00:00,17.19435232,49.76320907,1013.288635,0,3.966315202,35.13429559
2015/1/11,15:00:00,16.93709132,52.304143,1013.488349,0,3.43402114,33.92882008
2015/1/11,16:00:00,16.78643017,52.59144352,1014.203994,0,2.65857307,33.74013435
2015/1/11,17:00:00,16.41972664,58.87897558,1015.111032,0,1.786637427,359.6997777
2015/1/11,18:00:00,16.12835368,61.55193433,1015.851641,0,1.888446628,357.2990792
2015/1/11,19:00:00,15.8952553,65.13632971,1016.001427,0,2.221204753,6.405593081
2015/1/11,20:00:00,15.61951699,68.45417441,1015.768426,0,2.457272291,19.10142398
2015/1/11,21:00:00,15.46601318,70.72128222,1015.73514,0,2.652175544,27.42658394
2015/1/11,22:00:00,15.48875449,72.72021449,1015.693533,0,2.597749186,30.74844236
2015/1/11,23:00:00,15.41910924,71.99334715,1015.377318,0,2.605755182,27.21010425
2015/1/12,0:00:00,15.18458954,70.78568743,1015.593676,0.022376631,2.926638524,18.39526501
2015/1/12,1:00:00,14.98276046,69.8738677,1015.418925,0.119714977,3.162380601,16.16686558
2015/1/12,2:00:00,14.40712119,70.40476564,1015.418925,0.074961715,3.775849584,16.5967374
2015/1/12,3:00:00,13.51026099,76.7298477,1014.936281,0.042515599,4.45151172,19.93188644
2015/1/12,4:00:00,12.92040841,81.55094701,1015.202568,0.133140956,4.800685697,23.70038376
2015/1/12,5:00:00,13.0596989,73.53282097,1015.485497,0.096219514,4.92635297,14.65516212
2015/1/12,6:00:00,12.75837661,77.01529118,1015.884926,0.50123654,5.340351993,28.12190154
2015/1/12,7:00:00,12.60487281,79.07887661,1015.535426,0.033564947,5.619264027,34.85244827
2015/1/12,8:00:00,12.77969659,78.58804778,1016.051355,0.119714977,5.730506436,35.93361963
2015/1/12,9:00:00,13.20041072,76.8848231,1016.334285,0.27187607,5.378357841,31.65730473
2015/1/12,10:00:00,13.1677201,76.69013073,1016.13457,0.373689742,5.27368862,28.42988861
2015/1/12,11:00:00,12.97726167,78.48174184,1015.360675,0.503474203,5.299466538,19.72605513
2015/1/12,12:00:00,13.07391221,78.39581834,1015.061103,0.700388558,5.432666203,3.216701082
2015/1/12,13:00:00,12.91756575,79.59384725,1014.328816,0.579554749,5.802738785,2.61776972
2015/1/12,14:00:00,12.7711686,81.74147505,1014.345459,0.887233429,6.125329385,8.203915353
2015/1/12,15:00:00,12.60629414,85.07448692,1014.35378,1.258685508,6.072467374,11.51235753
2015/1/12,16:00:00,12.41867838,87.0190231,1014.653352,1.441055053,6.244387647,14.07523568
2015/1/12,17:00:00,12.0363402,86.24068155,1015.069425,1.450005705,5.787929112,26.39565403
2015/1/12,18:00:00,12.01786289,86.723728,1015.477176,1.463431684,6.103725312,27.31872346
2015/1/12,19:00:00,11.7932925,89.31008863,1015.909891,2.143681274,6.086820665,28.96378854
2015/1/12,20:00:00,11.8202978,89.10968821,1016.001427,1.551819377,5.85085154,30.18990296
2015/1/12,21:00:00,11.8245618,88.79581631,1016.19282,1.605523292,5.647734607,34.01701014
2015/1/12,22:00:00,11.71085528,89.33227275,1015.493818,1.321340075,5.46230208,37.31572426
2015/1/12,23:00:00,11.85014577,89.21519422,1015.202568,1.429866737,5.401467687,41.65394331
2015/1/13,0:00:00,11.82882579,89.25800143,1014.495245,2.705334718,5.193978317,44.7174241
2015/1/13,1:00:00,11.80466316,89.24307544,1014.195673,1.507066115,4.355432989,35.61845983
2015/1/13,2:00:00,11.83877511,89.41470391,1014.17903,3.023082882,3.817964992,12.73718892
2015/1/13,3:00:00,11.81461248,90.09016149,1014.029244,2.781415265,3.780428837,357.9006516
2015/1/13,4:00:00,11.9013137,90.58532611,1013.846172,2.025085128,3.826155912,359.553652
2015/1/13,5:00:00,11.3782637,93.4772309,1014.370423,1.776704521,3.452517615,349.9539267
2015/1/13,6:00:00,11.38394902,94.11876046,1015.036139,1.500353125,4.200574586,348.179029
2015/1/13,7:00:00,11.39531968,94.67593741,1015.086067,1.491402473,4.509764738,349.9455154
2015/1/13,8:00:00,11.45785826,94.11934085,1015.785069,1.024849711,4.629565756,346.3586444
2015/1/13,9:00:00,12.29217987,89.75594234,1016.151213,1.091979605,4.687401947,347.7982258
2015/1/13,10:00:00,12.46558232,88.37907128,1016.026391,0.206983839,4.552473205,350.8373478
2015/1/13,11:00:00,12.53949156,87.27915932,1015.285782,0.133140956,4.419283804,349.8366793
2015/1/13,12:00:00,13.23310135,82.41558496,1014.536852,0.069367557,4.547817199,353.3601038
2015/1/13,13:00:00,13.22315202,80.13161761,1013.538278,0.019020137,4.438351281,359.5457633
2015/1/13,14:00:00,13.47046371,78.33083791,1013.113884,0.029089621,4.591948185,5.598217125
2015/1/13,15:00:00,13.6140182,75.94378258,1013.20542,0,4.681821898,10.03688129
2015/1/13,16:00:00,13.57564224,75.99899352,1013.571564,0,4.542491783,11.38460358
2015/1/13,17:00:00,12.10598544,83.39553977,1014.104137,0,4.147787201,355.6004197
2015/1/13,18:00:00,11.97238028,83.68667051,1014.503566,0,4.355677034,0.089170666
2015/1/13,19:00:00,11.58719943,84.22931467,1014.886353,0,4.117515577,8.586276177
2015/1/13,20:00:00,11.31003978,85.02157298,1015.543747,0,4.183125978,15.72037952
2015/1/13,21:00:00,11.26739984,83.2241447,1015.610319,0,4.188155301,21.52848868
2015/1/13,22:00:00,10.92628027,82.10096305,1015.810033,0,4.11588849,22.60570285
2015/1/13,23:00:00,10.91775228,81.1765003,1015.943177,0,3.863721425,15.19763565
2015/1/14,0:00:00,10.62637932,80.43494025,1016.217784,0,4.015098705,5.633648592
2015/1/14,1:00:00,10.44302755,80.54127597,1016.026391,0,4.311872065,1.176827535
2015/1/14,2:00:00,10.2738891,81.00881836,1015.751783,0,4.620177811,358.9097156
2015/1/14,3:00:00,10.22414249,79.06038698,1015.718498,0,4.932315826,0.116244735
2015/1/14,4:00:00,9.956932165,78.93613705,1015.843319,0,5.183311739,4.814560994
2015/1/14,5:00:00,10.16728923,76.95300744,1015.993105,0,5.406136413,9.836412331
2015/1/14,6:00:00,10.11754263,76.33566013,1015.918212,0,5.581138387,14.21081665
2015/1/14,7:00:00,10.1928732,75.04821719,1016.600571,0,5.542772299,16.7241048
2015/1/14,8:00:00,10.72871519,73.29900836,1016.683785,0,6.224191477,17.69645529
2015/1/14,9:00:00,12.81096588,63.71213898,1016.567285,0,6.273103302,18.19421345
2015/1/14,10:00:00,13.89117784,61.49113058,1015.934855,0,5.928747461,18.53303847
2015/1/14,11:00:00,14.83920598,59.32134089,1015.135996,0,5.121156282,18.21026503
2015/1/14,12:00:00,16.27332949,54.06903393,1014.586781,0,4.151854827,16.16629285
2015/1/14,13:00:00,16.81343547,53.28973601,1013.979315,0,3.506484739,9.75783883
2015/1/14,14:00:00,16.97120327,52.8390144,1013.729671,0,3.527125849,0.739399056
2015/1/14,15:00:00,17.11049376,53.10923738,1014.004279,0,3.812216827,356.5742815
2015/1/14,16:00:00,16.88165939,54.67108347,1014.703281,0,3.717204587,355.0563138
2015/1/14,17:00:00,14.91595788,64.02656037,1015.294104,0,2.605161061,350.8331761
2015/1/14,18:00:00,14.44976114,66.08823018,1015.768426,0,2.649837072,356.6314005
2015/1/14,19:00:00,14.15838817,65.85241105,1016.201141,0,3.17878985,3.576798498
2015/1/14,20:00:00,13.86275121,65.61590911,1016.142891,0,3.807811616,12.1250702
2015/1/14,21:00:00,13.00710963,66.30853144,1016.475749,0,4.476789193,20.04900142
2015/1/14,22:00:00,12.44710501,65.13229417,1016.30932,0,4.85759157,22.8953374
2015/1/14,23:00:00,11.64689536,66.23811087,1016.525678,0,4.886087622,25.7018266
2015/1/15,0:00:00,10.60505934,69.25154339,1016.201141,0,4.638248011,28.38675054
2015/1/15,1:00:00,10.19997986,70.16066108,1015.993105,0,4.425764344,28.9723588
2015/1/15,2:00:00,9.998150779,70.19930315,1015.884926,0,4.18299591,28.50647539
2015/1/15,3:00:00,9.260479715,73.00422251,1015.718498,0,4.067555936,27.10477031
2015/1/15,4:00:00,9.209311779,74.08335319,1015.993105,0,3.959134657,27.2431962
2015/1/15,5:00:00,8.772962999,76.05432905,1016.850214,0,3.838367593,27.84784218
2015/1/15,6:00:00,8.785754983,76.2684318,1017.499287,0,3.756422443,29.93952611
2015/1/15,7:00:00,9.382714226,75.07822227,1017.998574,0,3.720162088,29.78317585
2015/1/15,8:00:00,10.33074236,71.93695605,1018.264861,0,3.593828277,31.72597861
2015/1/15,9:00:00,13.48751969,58.73595008,1018.231575,0,3.503214618,32.45891554
2015/1/15,10:00:00,14.46397445,57.89724938,1017.748931,0,3.324742522,31.32356887
2015/1/15,11:00:00,15.38926128,56.01358209,1016.750357,0,3.007671586,31.97826133
2015/1/15,12:00:00,17.04937651,49.50383737,1015.785069,0,2.584240085,32.58219914
2015/1/15,13:00:00,17.57526917,48.34808765,1014.819781,0,2.19608459,29.67145185
2015/1/15,14:00:00,17.73587964,47.75576802,1014.287208,0,1.920003847,23.8786841
2015/1/15,15:00:00,17.95618603,48.26977994,1014.070851,0,1.751807651,19.15894767
2015/1/15,16:00:00,17.61364513,50.62880394,1014.420352,0,1.540430069,14.57694753
2015/1/15,17:00:00,15.03677106,68.42114317,1014.636709,0,1.13831779,336.6256752
2015/1/15,18:00:00,14.57483831,69.35312396,1015.144318,0,0.92517305,354.6143204
2015/1/15,19:00:00,13.57279958,76.9895213,1015.468854,0,1.108373413,14.86773893
2015/1/15,20:00:00,13.43777309,75.96544138,1015.601997,0,1.482703823,22.31955311
2015/1/15,21:00:00,13.07533355,79.40310563,1015.751783,0,1.80140113,35.80070664
2015/1/15,22:00:00,12.97157634,80.55609848,1015.818355,0,1.613606519,38.44077353
2015/1/15,23:00:00,13.3752345,78.46018085,1016.059677,0,1.438977108,33.76744219
2015/1/16,0:00:00,13.51310366,76.88021067,1015.918212,0,1.34552255,31.71221425
2015/1/16,1:00:00,13.78742064,76.45385503,1015.826676,0,1.461816414,30.34341996
2015/1/16,2:00:00,13.69645542,76.70730533,1015.951498,0,1.744704029,21.34997952
2015/1/16,3:00:00,13.38660515,78.32183401,1015.693533,0,2.053425464,17.48285792
2015/1/16,4:00:00,13.07106955,79.85521761,1015.918212,0,2.226070964,22.30874097
2015/1/16,5:00:00,13.36386385,78.48186212,1016.201141,0,2.186333043,21.57966019
2015/1/16,6:00:00,13.38802648,78.11078271,1016.958393,0,2.395717163,27.33327982
2015/1/16,7:00:00,13.50883966,77.14548145,1016.916786,0,2.590587713,28.89410316
2015/1/16,8:00:00,13.93239646,71.62608253,1017.524252,0,2.885626293,32.8149972
2015/1/16,9:00:00,16.89871537,55.40681819,1017.557538,0,3.19559028,33.94461336
2015/1/16,10:00:00,17.36633344,54.46350452,1017.441037,0,3.192283891,24.67045528
2015/1/16,11:00:00,17.91923141,54.03077236,1016.567285,0,3.214887014,14.04953991
2015/1/16,12:00:00,19.84513563,47.78654854,1015.094389,0,3.362611851,4.906843335
2015/1/16,13:00:00,20.16067123,48.33429402,1014.120779,0,3.566581448,358.1206605
2015/1/16,14:00:00,20.24310846,48.50867539,1013.713029,0,3.629651527,355.5162839
2015/1/16,15:00:00,20.09955397,50.68951798,1013.654778,0,3.33949719,1.150228567
2015/1/16,16:00:00,19.52675737,51.37557282,1014.154065,0,2.766361783,10.13288105
2015/1/16,17:00:00,17.34927746,62.75611874,1014.35378,0,2.359673885,6.159646039
2015/1/16,18:00:00,16.65708901,63.79430417,1015.152639,0,2.462952169,18.57965389
2015/1/16,19:00:00,16.18094294,64.53354018,1015.893248,0,2.613783818,23.33815454
2015/1/16,20:00:00,15.99759117,62.58787571,1016.484071,0,2.508602535,28.86085391
2015/1/16,21:00:00,15.24712813,62.57040349,1016.567285,0,3.155423335,34.93596024
2015/1/16,22:00:00,15.11920829,59.71712076,1016.525678,0,3.602030244,37.74787426
2015/1/16,23:00:00,14.59615828,58.51731178,1016.209463,0,3.921267615,35.90879739
2015/1/17,0:00:00,13.91107649,59.95171231,1016.334285,0,3.984078213,29.64368599
2015/1/17,1:00:00,13.53158097,61.22676097,1016.284356,0,4.19228931,23.62438967
2015/1/17,2:00:00,13.24731466,61.5948579,1016.19282,0,4.445230979,23.2585437
2015/1/17,3:00:00,12.70152335,61.70104412,1015.943177,0,4.54159156,25.60915616
2015/1/17,4:00:00,12.68446737,62.56464894,1016.19282,0,4.521809544,28.0686751
2015/1/17,5:00:00,12.45989699,62.05084338,1016.658821,0,4.14488517,25.86265114
2015/1/17,6:00:00,12.30070786,61.79755109,1017.532573,0,4.016090838,31.10790474
2015/1/17,7:00:00,12.8209152,60.86790991,1018.14836,0,4.145636337,32.18752816
2015/1/17,8:00:00,13.65097282,57.89106407,1018.988827,0,4.508124714,34.63788171
2015/1/17,9:00:00,16.43962528,47.89231383,1019.196863,0,4.710299818,40.3687706
2015/1/17,10:00:00,17.12612841,47.58171619,1018.855683,0,4.520286018,45.89106895
2015/1/17,11:00:00,17.9462367,46.32817439,1018.123396,0,4.346154437,52.45135279
2015/1/17,12:00:00,19.06340329,43.51418369,1017.316216,0,4.163756802,56.54159991
2015/1/17,13:00:00,19.11030723,44.81664004,1016.459106,0,3.81155247,61.10715238
2015/1/17,14:00:00,18.9781234,47.13345808,1016.059677,0,3.445524366,64.38273885
2015/1/17,15:00:00,18.40816945,52.47467898,1015.926534,0,3.07554931,67.48148158
2015/1/17,16:00:00,17.94055138,55.2282657,1016.425821,0,2.585617245,78.21972325
2015/1/17,17:00:00,16.2918068,66.54417237,1016.866857,0,1.498955046,111.138466
2015/1/17,18:00:00,16.18947093,67.66654784,1017.432716,0,1.631403227,112.5410466
2015/1/17,19:00:00,15.6337303,71.69549488,1017.740609,0,1.906921776,109.3272995
2015/1/17,20:00:00,15.18174688,74.92523769,1017.765574,0,2.310873328,112.1350958
2015/1/17,21:00:00,14.16975882,81.83175059,1017.923681,0,2.537669616,114.6581876
2015/1/17,22:00:00,14.04468165,84.06714187,1017.699002,0,2.469882657,111.726209
2015/1/17,23:00:00,13.94376711,84.31698644,1017.407751,0,2.476565497,105.9190758
2015/1/18,0:00:00,13.5557436,86.0274654,1017.22468,0,2.512330513,97.96120814
2015/1/18,1:00:00,13.56427159,85.88493756,1016.758679,0,2.683987866,90.28218214
2015/1/18,2:00:00,13.31553857,85.32663587,1016.758679,0,2.84646041,80.27392341
2015/1/18,3:00:00,12.91330175,85.19843669,1016.858536,0,2.946753352,71.12706446
2015/1/18,4:00:00,12.91188042,84.97815964,1017.099858,0,3.02628972,71.32059835
2015/1/18,5:00:00,12.60629414,86.21680798,1017.51593,0,2.690689206,84.56106406
2015/1/18,6:00:00,12.53380623,85.51973099,1018.173325,0,2.863791678,82.60634827
2015/1/18,7:00:00,12.86924047,84.00169005,1018.78079,0,3.261237843,74.76668567
2015/1/18,8:00:00,13.1677201,80.31017427,1019.7544,0,3.69151674,69.54258241
2015/1/18,9:00:00,16.0032765,62.56514432,1020.012365,0,3.883041874,60.64496013
2015/1/18,10:00:00,16.46378792,59.08494383,1019.579649,0,3.889212293,46.0987887
2015/1/18,11:00:00,17.15171238,55.64148765,1018.789112,0,3.947084533,34.0581163
2015/1/18,12:00:00,18.55172394,47.07619467,1017.233001,0,3.967815084,21.44738819
2015/1/18,13:00:00,19.00939269,45.14704183,1015.909891,0,4.170409404,11.99233652
2015/1/18,14:00:00,19.44289881,44.4815361,1014.703281,0,4.437281102,8.567067465
2015/1/18,15:00:00,19.37751756,45.05490557,1014.312173,0,4.626274006,8.376223876
2015/1/18,16:00:00,18.90137149,45.51328453,1014.836424,0,4.212155207,9.725926765
2015/1/18,17:00:00,17.08348846,51.19919428,1014.86971,0,2.71397811,7.983421029
2015/1/18,18:00:00,16.57607311,51.13119607,1015.344032,0,2.846660485,16.45336175
2015/1/18,19:00:00,16.11414036,50.26949721,1015.976462,0,3.162974105,23.69545416
2015/1/18,20:00:00,15.9222606,45.74225669,1016.484071,0,3.390424501,24.39342195
2015/1/18,21:00:00,14.99413111,46.69837059,1016.608892,0,3.692012518,18.70417077
2015/1/18,22:00:00,14.86905394,45.15409613,1016.417499,0,3.950029285,13.42525944
2015/1/18,23:00:00,14.44833981,45.46369505,1016.500714,0,4.010546126,14.13661806
2015/1/19,0:00:00,13.52447431,47.77214747,1016.350928,0,4.034186767,17.21047527
2015/1/19,1:00:00,13.15066412,49.09115939,1016.384213,0,4.145840543,18.65314394
2015/1/19,2:00:00,12.67736072,51.32724418,1015.859962,0,4.213048174,19.72263754
2015/1/19,3:00:00,11.89847104,53.77583536,1015.943177,0,4.136130535,22.61812034
2015/1/19,4:00:00,11.77339386,54.18426461,1015.851641,0,4.100399647,23.36570587
2015/1/19,5:00:00,11.47065025,54.24483004,1016.442463,0,3.907564807,23.09226175
2015/1/19,6:00:00,11.31146111,54.98738392,1016.8835,0,3.899936065,27.24647392
2015/1/19,7:00:00,11.52181818,53.93377913,1017.191394,0,4.084759178,27.78021907
2015/1/19,8:00:00,12.31634251,50.85346222,1017.57418,0,4.370206783,27.03902777
2015/1/19,9:00:00,15.36936264,38.85307517,1017.898717,0,4.462154224,26.0990715
2015/1/19,10:00:00,16.36003072,38.53350576,1017.540895,0,4.229633281,24.79255004
2015/1/19,11:00:00,17.34359213,37.96949732,1016.608892,0,3.83927304,29.30355715
2015/1/19,12:00:00,19.13873386,34.11830881,1015.435568,0,3.514054446,41.36786986
2015/1/19,13:00:00,19.48269609,31.51539567,1014.170708,0,3.195776997,49.20173359
2015/1/19,14:00:00,19.74279976,31.80359064,1013.538278,0,2.903075584,48.42521462
2015/1/19,15:00:00,19.44858413,35.79920736,1013.446742,0,2.525720631,49.06740676
2015/1/19,16:00:00,18.68248644,39.62868192,1013.829529,0,1.958239031,55.58356278
2015/1/19,17:00:00,16.09850571,57.08101643,1014.154065,0,0.898763325,87.26062674
2015/1/19,18:00:00,15.20306685,62.50596324,1014.611745,0,1.268023425,100.6032532
2015/1/19,19:00:00,14.82641399,66.96392883,1014.711602,0,1.717079153,101.9263876
2015/1/19,20:00:00,14.62742758,70.9491404,1015.269139,0,1.973259798,102.3628724
2015/1/19,21:00:00,13.7945273,74.82681315,1015.785069,0,2.158502525,103.5307754
2015/1/19,22:00:00,13.98214306,76.49606985,1015.535426,0,2.531104903,106.1607723
2015/1/19,23:00:00,14.2408254,75.37765947,1015.260818,0,2.599187372,108.5296283
2015/1/20,0:00:00,13.96792975,78.13086562,1015.16096,0,2.61275542,107.7687245
2015/1/20,1:00:00,13.92671113,77.00029293,1014.961246,0,2.627062327,105.5292713
2015/1/20,2:00:00,13.72772472,75.13847037,1014.561816,0,2.577599567,98.14430601
2015/1/20,3:00:00,13.31269591,75.40185782,1014.362101,0,2.649642029,94.35550911
2015/1/20,4:00:00,13.13076548,73.66113825,1014.303851,0,2.65383688,90.16163561
2015/1/20,5:00:00,13.43919442,75.18904096,1014.686638,0,2.849055583,92.91835031
2015/1/20,6:00:00,13.38234116,71.96632569,1014.769852,0,3.054317316,94.07931351
2015/1/20,7:00:00,13.55858627,67.84453197,1015.285782,0,3.177040721,90.73459336
2015/1/20,8:00:00,13.21036004,66.41138135,1015.651926,0,3.313589108,86.38061319
2015/1/20,9:00:00,16.26053751,49.80692581,1016.051355,0,3.189820084,79.24019838
2015/1/20,10:00:00,16.51495585,49.33174485,1015.73514,0,2.928664327,69.98292111
2015/1/20,11:00:00,16.86460341,48.90872095,1014.761531,0,2.544914921,59.95529282
2015/1/20,12:00:00,18.96817408,41.03408079,1013.646457,0,2.12716452,53.50938985
2015/1/20,13:00:00,19.53954935,40.9801127,1012.664526,0,1.53546578,53.24585028
2015/1/20,14:00:00,19.37325356,44.13011658,1012.298382,0,1.268705456,71.37387919
2015/1/20,15:00:00,19.07335261,48.55814801,1011.923917,0,1.240997997,89.81637424
2015/1/20,16:00:00,18.92269147,43.12429893,1012.356633,0,1.367016311,107.5480149
2015/1/20,17:00:00,16.33302542,62.48949207,1012.656205,0,1.174373373,148.188506
2015/1/20,18:00:00,15.38641862,69.74404779,1013.097241,0,1.522460083,146.8210911
2015/1/20,19:00:00,14.81077935,71.4662613,1014.004279,0,1.708824597,138.7399424
2015/1/20,20:00:00,14.51372106,75.42413305,1014.669995,0,1.766228761,127.9522694
2015/1/20,21:00:00,13.78884197,80.97709402,1014.994532,0,1.831994412,122.5380925
2015/1/20,22:00:00,13.42782377,84.47804737,1015.077746,0,1.885123912,121.0244564
2015/1/20,23:00:00,13.17198409,85.77338648,1014.952924,0,1.871314363,115.3749921
2015/1/21,0:00:00,13.18051208,87.67350638,1014.844745,0,1.736965006,109.8517766
2015/1/21,1:00:00,12.92609373,88.41687193,1014.595102,0,1.579711817,98.40966174
2015/1/21,2:00:00,12.66172607,89.13657393,1014.744888,0,1.330331283,82.00172029
2015/1/21,3:00:00,12.16852403,91.19340643,1014.403709,0,1.324522569,17.89833101
2015/1/21,4:00:00,11.88567905,90.92238166,1014.611745,0,1.986477244,358.8608984
2015/1/21,5:00:00,12.12162009,92.62097178,1014.828103,0,1.631364256,351.5149728
2015/1/21,6:00:00,12.30639319,91.68729799,1015.235854,0,1.923053988,0.266089719
2015/1/21,7:00:00,12.81096588,89.90912561,1015.693533,0,1.410399267,14.05424416
2015/1/21,8:00:00,13.82579659,84.49066553,1016.059677,0,1.47748428,8.556772104
2015/1/21,9:00:00,17.19577366,62.37126809,1016.317642,0,1.762307445,4.528117519
2015/1/21,10:00:00,18.41527611,58.16667616,1015.851641,0,2.347606298,355.8548993
2015/1/21,11:00:00,19.22827775,56.1617606,1014.969567,0,2.716798742,351.6030631
2015/1/21,12:00:00,20.82159039,47.81481954,1013.762957,0,2.682729659,356.3734426
2015/1/21,13:00:00,21.5748961,46.88578513,1012.473133,0,2.465410692,355.6772027
2015/1/21,14:00:00,21.62748537,46.32809811,1012.082025,0,2.385262268,350.8971441
2015/1/21,15:00:00,21.53794148,46.89160022,1011.907274,0,2.427512129,345.870927
2015/1/21,16:00:00,21.21245656,46.37963917,1012.281739,0,2.107854389,339.1662551
2015/1/21,17:00:00,18.30725491,63.19916015,1012.68949,0,1.48113963,305.5653335
2015/1/21,18:00:00,17.5312079,65.28535263,1013.5466,0,1.369162406,292.8338062
2015/1/21,19:00:00,16.42399063,71.17130038,1013.688064,0,1.829356959,302.7588184
2015/1/21,20:00:00,15.90804729,72.38495007,1014.170708,0,2.154565476,328.3827394
2015/1/21,21:00:00,14.93301386,77.46500426,1014.495245,0,2.213972643,352.4399184
2015/1/21,22:00:00,15.00834443,77.06879556,1014.387066,0,2.371017133,9.569122923
2015/1/21,23:00:00,15.15332024,73.83854146,1014.86971,0,2.515171526,21.49009942
2015/1/22,0:00:00,14.67291019,69.12182192,1014.628388,0,2.512187094,30.99588555
2015/1/22,1:00:00,14.99270978,62.57985536,1014.703281,0,2.443408056,33.83314574
2015/1/22,2:00:00,14.69707282,59.73694226,1014.595102,0,2.745225097,32.19481129
2015/1/22,3:00:00,13.98072173,58.60010098,1014.553495,0,3.095910293,31.54662314
2015/1/22,4:00:00,13.82295393,57.26380989,1014.586781,0,3.351757758,31.51643929
2015/1/22,5:00:00,13.72488206,58.03038466,1015.294104,0,3.37963127,31.65475519
2015/1/22,6:00:00,13.57279958,57.99634145,1015.843319,0,3.50223993,35.93906634
2015/1/22,7:00:00,13.77036466,56.1360257,1016.13457,0,3.66999285,39.04110718
2015/1/22,8:00:00,14.70560081,52.02665547,1016.59225,0,3.858421729,41.01735417
2015/1/22,9:00:00,18.24613766,34.93647096,1016.841893,0,4.15498578,46.39988542
2015/1/22,10:00:00,19.03071266,34.32209305,1016.70875,0,3.958503057,53.63331671
2015/1/22,11:00:00,19.79112503,35.56070093,1015.868284,0,3.828182624,65.73230835
2015/1/22,12:00:00,21.24088319,32.05769805,1014.728245,0,3.322012936,79.47212013
2015/1/22,13:00:00,21.14849665,34.65695327,1013.787922,0,2.778960954,89.1379809
2015/1/22,14:00:00,21.59479475,29.0584775,1013.08892,0,2.35220225,91.43910137
2015/1/22,15:00:00,20.9438249,30.33228768,1013.080598,0,2.293821609,93.25268184
2015/1/22,16:00:00,20.29427639,29.70863148,1013.08892,0,2.185349959,103.9181607
2015/1/22,17:00:00,16.70541428,50.40820555,1013.271992,0,2.149230809,137.1526495
2015/1/22,18:00:00,16.14540965,53.54535862,1013.6631,0,2.278953254,142.3295101
2015/1/22,19:00:00,15.5569784,60.49413575,1014.079172,0,2.457486342,143.0673712
2015/1/22,20:00:00,14.9756538,64.72997169,1014.52853,0,2.739947741,137.8342004
2015/1/22,21:00:00,13.97219374,70.3318325,1015.127675,0,2.785964355,133.6850994
2015/1/22,22:00:00,13.69645542,73.13553573,1015.144318,0,2.823130187,124.6888872
2015/1/22,23:00:00,13.45056507,74.1421084,1014.844745,0,2.871455189,121.2531302
2015/1/23,0:00:00,12.82944319,78.29581388,1014.703281,0,2.896072425,114.8971677
2015/1/23,1:00:00,12.96162702,78.69410259,1014.694959,0,2.764860872,103.7079391
2015/1/23,2:00:00,12.49685161,80.34415085,1014.370423,0,2.566754769,89.52736359
2015/1/23,3:00:00,12.07613748,83.29501876,1014.045886,0,2.409844169,78.4617592
2015/1/23,4:00:00,12.194108,84.30772106,1013.937708,0,2.645855985,75.38215248
2015/1/23,5:00:00,12.27938789,84.00789844,1014.037565,0,2.995094668,73.90118624
2015/1/23,6:00:00,12.29928653,81.55369459,1014.312173,0,3.181416811,79.00118951
2015/1/23,7:00:00,13.00710963,74.14741838,1014.952924,0,3.500411797,80.69953282
2015/1/23,8:00:00,13.94660977,66.53670998,1015.202568,0,3.711949424,82.91329843
2015/1/23,9:00:00,17.79983956,47.11166895,1015.368997,0,4.067739397,88.13514469
2015/1/23,10:00:00,18.54319595,45.57086624,1015.177603,0,4.049689625,94.6199028
2015/1/23,11:00:00,18.66685179,47.40380844,1014.586781,0,4.163422666,103.6900792
2015/1/23,12:00:00,20.07965533,44.51536385,1013.621493,0,4.472629587,111.6520626
2015/1/23,13:00:00,19.73285044,49.48025561,1012.597955,0,4.834709738,117.6407183
2015/1/23,14:00:00,19.70442381,52.93243275,1011.965524,0,4.941365127,118.9516943
2015/1/23,15:00:00,19.18279514,58.04440942,1011.88231,0,4.850930229,115.8429707
2015/1/23,16:00:00,18.70238508,59.07172612,1011.815738,0,4.546975534,112.2762205
2015/1/23,17:00:00,16.60165708,68.64931087,1011.790774,0,2.471952805,99.57111728
2015/1/23,18:00:00,16.21789756,71.4190583,1012.023775,0,2.728997805,95.99271619
2015/1/23,19:00:00,15.82703139,76.04198669,1012.306704,0,3.043540623,96.1306249
2015/1/23,20:00:00,15.86682867,76.67983397,1012.672848,0,3.407730305,94.91203912
2015/1/23,21:00:00,15.0609337,81.62517031,1012.381597,0,3.896640449,96.8690811
2015/1/23,22:00:00,14.99697378,83.57917614,1012.323347,0,4.078973494,96.77140972
2015/1/23,23:00:00,15.06519769,83.34201496,1011.957203,0,4.207917424,95.22909566
2015/1/24,0:00:00,14.88610992,85.82747069,1011.907274,0,4.537734578,96.21512199
2015/1/24,1:00:00,15.0609337,84.92834493,1011.915596,0,4.50222381,94.65217744
2015/1/24,2:00:00,14.85768329,83.49791667,1011.740845,0.003356495,4.294780598,90.0081155
2015/1/24,3:00:00,15.39494661,80.97134993,1011.849024,0.008950653,4.217373933,87.39085516
2015/1/24,4:00:00,15.49301848,79.61549762,1011.982167,0.043634431,4.376333704,85.63620161
2015/1/24,5:00:00,15.60103968,79.01541844,1012.473133,0.099576009,4.229292052,82.78299158
2015/1/24,6:00:00,15.74317283,79.90209976,1012.63124,0.067129894,4.568550015,83.72661214
2015/1/24,7:00:00,15.51575979,81.58637596,1012.955777,0.027970789,4.703201686,84.44036067
2015/1/24,8:00:00,15.81992473,82.16563235,1013.5466,0.008950653,5.164727497,86.21412977
2015/1/24,9:00:00,17.70034635,74.03448916,1013.762957,0.003356495,5.689300757,91.10297446
2015/1/24,10:00:00,18.3697935,71.79638291,1013.504992,0,6.070893111,96.16302495
2015/1/24,11:00:00,18.74360369,71.31120208,1013.072277,0,6.062779396,98.98040487
2015/1/24,12:00:00,20.01427408,66.28669496,1012.223489,0.003356495,6.075470983,103.5372531
2015/1/24,13:00:00,19.42300017,67.877051,1011.091772,0.006712989,6.098203839,107.1156309
2015/1/24,14:00:00,19.16858182,68.45187814,1011.091772,0.003356495,5.893749674,105.3337657
2015/1/24,15:00:00,18.81182761,71.69689271,1010.933665,0.002237663,5.702501863,103.4917081
2015/1/24,16:00:00,18.13953779,74.15132643,1010.966951,0.003356495,5.249739923,99.17941386
2015/1/24,17:00:00,17.32227216,80.01875618,1011.316452,0.005594158,4.586662156,93.7766238
2015/1/24,18:00:00,17.184403,80.11127781,1011.70756,0.006712989,4.886275297,94.28581272
2015/1/24,19:00:00,16.88592338,81.58254075,1011.699238,0.010069484,4.865382712,95.29323933
2015/1/24,20:00:00,17.12897107,80.60340709,1012.007132,0.01454481,4.820915653,94.98651902
2015/1/24,21:00:00,17.04226985,81.99447592,1012.198525,0.022376631,4.667175564,93.27429115
2015/1/24,22:00:00,16.96693928,82.89256505,1011.99881,0.029089621,4.43209019,92.03862502
2015/1/24,23:00:00,17.00815789,82.63159303,1012.040417,0.031327284,4.132971668,86.15957157
2015/1/25,0:00:00,16.91719268,84.63165014,1012.173561,0.029089621,4.010730554,82.13952722
2015/1/25,1:00:00,16.82196346,84.79387512,1011.632667,0.098457178,3.933296315,80.22583364
2015/1/25,2:00:00,16.45810259,86.69272379,1011.582738,0.090625357,3.729494476,71.16171367
2015/1/25,3:00:00,16.23211088,89.28584157,1011.599381,0.185726039,3.60080554,65.10005456
2015/1/25,4:00:00,16.12693234,91.28225126,1011.449595,0.162230577,3.457864378,65.591261
2015/1/25,5:00:00,16.7153636,87.58702123,1011.898953,0.113001988,2.236219074,70.11550218
2015/1/25,6:00:00,16.93993398,87.74817128,1012.198525,0.089506525,2.332188001,70.75732612
2015/1/25,7:00:00,17.34074947,86.23888045,1012.805991,0.161111745,2.816450935,72.14030329
2015/1/25,8:00:00,17.72450899,84.47515037,1013.305278,0.105170167,3.132286913,74.07974449
2015/1/25,9:00:00,19.2623897,77.64757369,1013.488349,0.051466252,3.968414351,85.4357382
2015/1/25,10:00:00,19.18848046,79.44213485,1013.355206,0.004475326,3.933395157,87.26921163
2015/1/25,11:00:00,19.3164003,78.88841141,1012.697812,0.004475326,3.83812006,91.72067961
2015/1/25,12:00:00,20.54443074,75.58393144,1011.549452,0.005594158,3.243804117,93.39428669
2015/1/25,13:00:00,21.00067817,75.0913884,1010.567521,0.003356495,2.846370288,96.48742128
2015/1/25,14:00:00,21.14565398,72.3228286,1010.401092,0.006712989,2.425113206,103.5192758
2015/1/25,15:00:00,21.37022436,72.7350299,1010.259628,0.003356495,2.128838794,105.1887083
2015/1/25,16:00:00,20.85001702,73.98328841,1010.725629,0,2.008008099,101.2437217
2015/1/25,17:00:00,19.15152584,81.62172062,1011.441273,0,1.566161104,135.9874037
2015/1/25,18:00:00,18.66827312,85.56609304,1011.491202,0,2.056437874,124.3253594
2015/1/25,19:00:00,18.54177462,86.6211582,1011.873989,0,2.348653491,112.031955
2015/1/25,20:00:00,17.99740464,88.46732075,1012.265097,0,2.463130169,103.6632418
2015/1/25,21:00:00,17.66339173,90.50881392,1012.91417,0.001118832,2.705331477,99.13191715
2015/1/25,22:00:00,17.43313602,91.55823578,1012.697812,0.001118832,2.790346727,94.46597148
2015/1/25,23:00:00,17.44024268,91.59819327,1012.564669,0,2.79266586,89.73024061
2015/1/26,0:00:00,17.12044308,92.27719478,1012.523061,0,2.79838198,84.88880945
2015/1/26,1:00:00,16.97546727,92.2736492,1012.206846,0,2.900987921,86.99929783
2015/1/26,2:00:00,17.08206713,91.80692117,1011.82406,0,2.814133379,82.07470759
2015/1/26,3:00:00,16.59739308,93.05771767,1011.849024,0,2.73462466,75.66846703
2015/1/26,4:00:00,16.60592107,93.52967663,1011.790774,0,2.675491338,75.59831225
2015/1/26,5:00:00,16.45952392,92.33600406,1012.148596,0,2.359462618,68.01603489
2015/1/26,6:00:00,16.25911618,93.34777058,1012.697812,0,2.475232503,69.6892044
2015/1/26,7:00:00,16.57891577,91.72696178,1013.388492,0,2.616057947,68.38892646
2015/1/26,8:00:00,17.6577064,85.88185308,1013.488349,0,2.381819915,67.2496619
2015/1/26,9:00:00,19.54807734,76.46936594,1013.438421,0,2.416376884,69.34620147
2015/1/26,10:00:00,20.39661226,75.34353251,1013.097241,0,2.403601956,71.17736312
2015/1/26,11:00:00,20.76473713,73.04658957,1012.448168,0,1.663082233,68.12676751
2015/1/26,12:00:00,22.12068741,64.61200011,1011.274844,0,0.873802247,60.57478846
2015/1/26,13:00:00,22.49307627,63.45668318,1009.92677,0,0.172478872,114.9773283
2015/1/26,14:00:00,22.35236445,63.27592728,1009.452447,0,0.430218868,220.6960698
2015/1/26,15:00:00,21.9444423,63.96619063,1009.252732,0,0.724831975,200.9361214
2015/1/26,16:00:00,21.54078415,65.68225964,1009.668805,0,1.018682671,172.2722036
2015/1/26,17:00:00,19.65751987,78.21203751,1009.760341,0,1.088249881,177.7163016
2015/1/26,18:00:00,19.17995247,80.84391964,1010.426057,0,1.602338677,144.756344
2015/1/26,19:00:00,18.75071035,84.06264607,1010.475985,0,2.05126639,136.6209997
2015/1/26,20:00:00,18.17364975,87.74826563,1010.950308,0,2.079831299,128.9914395
2015/1/26,21:00:00,17.52836523,92.46165356,1011.574416,0,2.140183469,114.8155394
2015/1/26,22:00:00,17.43029336,93.20083873,1011.36638,0,2.29865532,101.6392103
2015/1/26,23:00:00,17.53973589,93.17388786,1011.416309,0,2.440106097,92.62626951
2015/1/27,0:00:00,17.77851958,93.0444227,1011.557774,0,2.531038999,87.70350683
2015/1/27,1:00:00,17.77709825,92.8233575,1011.324773,0,2.64132339,86.20568567
2015/1/27,2:00:00,17.70887434,92.55162031,1011.208273,0.003356495,2.647928921,81.42325996
2015/1/27,3:00:00,17.68186904,92.27667625,1010.825486,0.003356495,2.659218391,75.38066309
2015/1/27,4:00:00,17.50704526,91.32556288,1011.066808,0.001118832,2.644756553,76.04228129
2015/1/27,5:00:00,16.46805191,94.32863726,1011.499523,0.001118832,2.663914156,76.90531494
2015/1/27,6:00:00,16.17241495,94.27622104,1011.466238,0,2.708879782,82.74351179
2015/1/27,7:00:00,16.86744607,91.20654181,1012.198525,0.001118832,2.987547318,83.26857154
2015/1/27,8:00:00,17.69181836,86.0184079,1012.506419,0,3.150785214,77.55129286
2015/1/27,9:00:00,19.96737014,74.08090552,1012.822634,0,3.446266797,80.552083
2015/1/27,10:00:00,20.52737477,71.16441998,1012.589633,0,4.140699059,87.13604954
2015/1/27,11:00:00,20.85428102,69.5582879,1011.749167,0.004475326,3.887433233,92.10458165
2015/1/27,12:00:00,21.87763972,63.17899596,1010.767236,0.002237663,3.729467678,97.10757351
2015/1/27,13:00:00,21.94302097,63.65223338,1009.452447,0,3.418091603,104.3609839
2015/1/27,14:00:00,21.64880534,63.57744626,1008.911553,0,3.416819566,111.8966583
2015/1/27,15:00:00,20.87986499,67.44884851,1008.428909,0,3.583802716,117.27353
2015/1/27,16:00:00,20.14930058,69.73697852,1008.936517,0,3.80549594,121.3800579
2015/1/27,17:00:00,18.4465454,79.73005707,1009.369233,0,2.888303999,132.1737549
2015/1/27,18:00:00,18.23476701,82.42807769,1009.635519,0,2.86243345,125.8833051
2015/1/27,19:00:00,17.62785844,85.91352496,1010.059913,0,3.166100764,119.7996887
2015/1/27,20:00:00,17.58237583,87.78587395,1010.750593,0,3.614916922,113.2654748
2015/1/27,21:00:00,17.15455504,89.06854069,1010.925343,0,3.924561274,107.8177594
2015/1/27,22:00:00,16.96409662,89.03265471,1010.867093,0,4.06415791,105.6866232
2015/1/27,23:00:00,16.95130463,87.1926264,1010.592486,0,4.21293205,105.4747798
2015/1/28,0:00:00,16.85323276,86.88564587,1010.925343,0.002237663,4.405281874,103.0474605
2015/1/28,1:00:00,16.68267297,85.91687514,1010.883736,0.003356495,4.663279126,100.9190619
2015/1/28,2:00:00,16.47515857,85.2855597,1010.892058,0.012307147,4.835937372,99.36634462
2015/1/28,3:00:00,16.2690655,83.9262272,1010.659057,0.013425979,5.033153294,98.05930193
2015/1/28,4:00:00,16.06865775,83.51398972,1010.775557,0.010069484,5.202721837,98.94345096
2015/1/28,5:00:00,15.91231128,84.70416964,1011.19163,0.006712989,5.218938657,98.13912712
2015/1/28,6:00:00,16.01606848,83.55272364,1011.624345,0.006712989,5.648950336,95.30426482
2015/1/28,7:00:00,16.41119865,81.29631552,1012.173561,0.003356495,5.959342181,97.05564055
2015/1/28,8:00:00,16.97120327,78.70266956,1012.473133,0.001118832,6.441602771,99.50126499
2015/1/28,9:00:00,18.42664676,71.03077982,1012.947455,0,6.433780921,99.83397154
2015/1/28,10:00:00,18.56025193,70.10722496,1012.697812,0,6.277049313,99.97578557
2015/1/28,11:00:00,18.96533141,69.4638611,1011.88231,0,6.077392879,101.3083192
2015/1/28,12:00:00,19.5011734,64.7126093,1011.07513,0,5.74557407,102.4854789
2015/1/28,13:00:00,19.00939269,65.81644463,1010.143127,0,5.360239241,105.4998577
2015/1/28,14:00:00,18.65548114,67.44843695,1010.068234,0,5.218742582,107.4685784
2015/1/28,15:00:00,17.93770872,71.00794744,1009.818591,0,5.225388397,108.7548968
2015/1/28,16:00:00,17.0308992,72.7013857,1010.359485,0,5.435332311,110.3724039
2015/1/28,17:00:00,16.54622515,75.39943367,1010.941986,0,4.544641935,111.4007203
2015/1/28,18:00:00,16.42967596,76.27334085,1011.07513,0,4.537244625,112.9696993
2015/1/28,19:00:00,16.36571604,77.00479102,1012.140275,0,4.755087905,113.5085364
2015/1/28,20:00:00,16.63008371,76.670517,1012.523061,0,4.722273106,113.3784254
2015/1/28,21:00:00,16.34013207,77.65215508,1013.038991,0,4.944698772,112.2114433
2015/1/28,22:00:00,16.41404131,77.39301113,1012.897527,0,4.786076734,111.0055204
2015/1/28,23:00:00,16.28612148,77.94833197,1012.431526,0,4.879563706,108.5842692
2015/1/29,0:00:00,15.86825001,79.99797724,1012.323347,0,4.707437328,102.6681448
2015/1/29,1:00:00,15.65931427,80.8538311,1012.331668,0,4.582297651,96.11119498
2015/1/29,2:00:00,15.48449049,81.69061325,1012.032096,0,4.547301073,92.97010787
2015/1/29,3:00:00,15.06377636,83.13707738,1011.907274,0,4.516524019,89.65868586
2015/1/29,4:00:00,14.84773397,83.52097572,1012.082025,0,4.480022979,89.50928732
2015/1/29,5:00:00,14.58620896,84.01620685,1012.389918,0,3.932355822,90.57678507
2015/1/29,6:00:00,14.5336197,83.66455024,1012.855919,0,3.867449134,87.01855008
2015/1/29,7:00:00,15.0069231,81.75235506,1013.338563,0,4.071078246,89.57293615
2015/1/29,8:00:00,16.01891115,77.29699819,1013.713029,0,4.103251015,89.91244856
2015/1/29,9:00:00,18.44796674,65.00920665,1014.054208,0,3.79603388,90.96089914
2015/1/29,10:00:00,19.18279514,62.28321923,1013.729671,0,3.401309128,93.43037454
2015/1/29,11:00:00,19.37467489,62.29038483,1013.330242,0,3.039311724,98.25223865
2015/1/29,12:00:00,20.54869474,59.37914023,1012.464811,0,2.645278518,106.9710986
2015/1/29,13:00:00,20.73488917,60.27042661,1011.599381,0,2.398561709,118.1013787
2015/1/29,14:00:00,20.67803591,61.38884102,1011.199951,0,2.184518419,127.3295276
2015/1/29,15:00:00,20.0284874,65.68621897,1011.041844,0,1.928208635,131.682844
2015/1/29,16:00:00,19.4784321,66.9977236,1011.449595,0,1.918137178,133.3480313
2015/1/29,17:00:00,18.06562855,75.41005252,1011.557774,0,1.616432915,172.0680749
2015/1/29,18:00:00,17.46724798,80.32301422,1012.156918,0,1.593757989,160.6277591
2015/1/29,19:00:00,17.30663752,82.68042884,1012.315025,0,1.487734672,148.1645514
2015/1/29,20:00:00,16.92572066,87.03022953,1012.989063,0,1.427816309,135.9073866
2015/1/29,21:00:00,16.23495354,89.03787975,1012.97242,0,1.350619221,123.2824995
2015/1/29,22:00:00,15.88388465,90.72255527,1013.313599,0,1.254186848,108.9639262
2015/1/29,23:00:00,15.71048221,92.02328348,1012.955777,0,0.794099486,77.79276408
2015/1/30,0:00:00,15.13200027,92.70630422,1012.905848,0,1.215574189,23.49123937
2015/1/30,1:00:00,15.23149348,91.53650075,1012.656205,0,1.710227391,7.676177572
2015/1/30,2:00:00,15.19027486,86.66129661,1012.481454,0,2.27136336,14.35375471
2015/1/30,3:00:00,14.14843885,79.72503881,1012.847598,0,3.470498703,26.70253453
2015/1/30,4:00:00,13.57137825,75.60291416,1013.172134,0,4.610209683,32.26677075
2015/1/30,5:00:00,14.07737228,70.94215465,1013.987636,0,4.552082556,33.23039126
2015/1/30,6:00:00,13.61828219,68.10687372,1015.027817,0,4.722273365,29.77423748
2015/1/30,7:00:00,13.49178368,66.7682811,1015.801712,0,4.752534018,30.10410468
2015/1/30,8:00:00,14.09016426,64.99805172,1016.434142,0,4.7696549,28.84233783
2015/1/30,9:00:00,15.8185034,57.97445775,1017.474323,0,4.688193217,26.88645217
2015/1/30,10:00:00,16.29464946,56.51532945,1017.033286,0,4.61193686,25.62017382
2015/1/30,11:00:00,17.43740002,54.98020121,1016.758679,0,4.483542151,27.0408607
2015/1/30,12:00:00,19.30360832,50.64320777,1015.485497,0,4.175673161,31.80678388
2015/1/30,13:00:00,19.81386634,49.78807314,1014.669995,0,3.706333487,35.97352809
2015/1/30,14:00:00,19.8664556,50.35463269,1013.912743,0,3.279282456,36.46590695
2015/1/30,15:00:00,19.4784321,53.25375567,1014.187351,0,3.042671189,32.74045254
2015/1/30,16:00:00,19.04776864,54.90107931,1014.362101,0,3.018425128,27.50075022
2015/1/30,17:00:00,17.27252556,62.20748559,1015.069425,0,1.597559704,359.3555007
2015/1/30,18:00:00,16.64145436,64.38814465,1016.009748,0,1.869740559,5.856426534
2015/1/30,19:00:00,16.18662827,64.66058383,1016.733714,0,2.381967167,9.472236967
2015/1/30,20:00:00,15.62946631,64.37428921,1016.625535,0,3.026752284,10.32798616
2015/1/30,21:00:00,14.60042228,65.55269774,1017.324537,0,3.636520809,16.7557512
2015/1/30,22:00:00,13.89259918,66.97883069,1017.499287,0,3.884567703,23.66947548
2015/1/30,23:00:00,13.45909306,66.41788954,1017.141465,0,3.917784249,27.8927709
2015/1/31,0:00:00,12.95309903,66.98134531,1017.233001,0,3.865203668,27.76398986
2015/1/31,1:00:00,12.83370719,66.65792159,1017.108179,0,4.125335928,29.90315943
2015/1/31,2:00:00,12.47411031,66.36766597,1017.274608,0,4.305482591,33.12071524
2015/1/31,3:00:00,11.89136438,69.05487157,1017.124822,0,4.468939681,33.66595259
2015/1/31,4:00:00,11.61562606,69.80830058,1017.474323,0,4.425545363,33.83946627
2015/1/31,5:00:00,12.09887878,67.61097456,1018.20661,0,4.337536128,31.16868604
2015/1/31,6:00:00,12.00080691,66.98334446,1019.072041,0,4.559544345,31.8222956
2015/1/31,7:00:00,12.07329482,66.1995429,1019.854257,0,4.632654207,31.93472969
2015/1/31,8:00:00,12.33624115,65.67134824,1020.985974,0,4.739300574,32.9920405
2015/1/31,9:00:00,13.68366344,61.29380869,1021.044224,0,4.673293702,34.97132808
2015/1/31,10:00:00,14.26498804,61.03887456,1021.360439,0,4.436250104,36.82884485
2015/1/31,11:00:00,14.69991549,61.07968048,1020.569902,0,4.090250363,36.78640971
2015/1/31,12:00:00,16.22642555,57.43081526,1019.820971,0,3.686251911,33.69054448
2015/1/31,13:00:00,16.64003303,56.75668995,1018.855683,0,3.39816014,33.26669572
2015/1/31,14:00:00,16.90724335,56.377614,1018.081789,0,3.173136442,35.71165058
2015/1/31,15:00:00,16.85607542,57.78693517,1017.665716,0,3.13037343,39.41934896
2015/1/31,16:00:00,16.60023574,59.28238361,1018.015217,0,3.092535309,42.95179173
2015/1/31,17:00:00,15.59819701,62.95624684,1018.564433,0,2.015933388,41.5773445
2015/1/31,18:00:00,15.1916962,66.15919567,1018.872326,0,2.39681147,42.13330741
2015/1/31,19:00:00,14.88610992,68.59968453,1019.022112,0,2.498296674,41.52817426
2015/1/31,20:00:00,14.71697146,70.26443469,1019.330006,0,2.58204395,38.18096254
2015/1/31,21:00:00,14.26498804,71.50838251,1019.721114,0,2.754680485,35.40890123
2015/1/31,22:00:00,13.90965515,71.69834766,1020.012365,0,3.373531378,30.07864914
2015/1/31,23:00:00,14.03046833,70.90551566,1019.712793,0,4.090396889,29.66328692
